epoch,step,train_loss_step
0,49,191.5448760986328
0,99,190.81044006347656
0,149,171.85536193847656
0,199,168.4806671142578
0,249,186.08267211914062
0,299,164.2339630126953
0,349,174.5807647705078
