epoch,step,train_loss_step
0,49,2.379023313522339
0,99,2.3221147060394287
0,149,2.3582630157470703
0,199,2.2221455574035645
