epoch,step,train_loss_step
0,49,153.88999938964844
0,99,165.0654296875
0,149,158.92689514160156
0,199,155.61024475097656
